{
  "timestamp": "2026-01-31T13:14:44.192616",
  "results": {
    "covertype_rf": {
      "id_test": {
        "vs_full_inference_work": {
          "proposed_mean": 0.8518611999999999,
          "baseline_mean": 0.0,
          "diff": 0.8518611999999999,
          "t_statistic": 801.538430029176,
          "p_value": 3.7284368937111994e-23,
          "significant_0.05": true,
          "significant_0.01": true
        },
        "vs_uncalibrated_lazy_work": {
          "proposed_mean": 0.8518611999999999,
          "baseline_mean": 0.286838,
          "diff": 0.5650232,
          "t_statistic": 226.5276461043036,
          "p_value": 3.2394280908739614e-18,
          "significant_0.05": true,
          "significant_0.01": true
        },
        "vs_constant_threshold_work": {
          "proposed_mean": 0.8518611999999999,
          "baseline_mean": 0.8597292,
          "diff": -0.007868000000000097,
          "t_statistic": -7.919979202955589,
          "p_value": 2.3983798514427524e-05,
          "significant_0.05": true,
          "significant_0.01": true
        }
      },
      "near_ood": {
        "vs_full_inference_work": {
          "proposed_mean": 0.547168,
          "baseline_mean": 0.0,
          "diff": 0.547168,
          "t_statistic": 9.006402693021693,
          "p_value": 8.488520559005785e-06,
          "significant_0.05": true,
          "significant_0.01": true
        },
        "vs_uncalibrated_lazy_work": {
          "proposed_mean": 0.547168,
          "baseline_mean": 0.11045600000000003,
          "diff": 0.436712,
          "t_statistic": 7.18801169849148,
          "p_value": 5.1495655377257e-05,
          "significant_0.05": true,
          "significant_0.01": true
        },
        "vs_constant_threshold_work": {
          "proposed_mean": 0.547168,
          "baseline_mean": 0.8317745999999999,
          "diff": -0.28460659999999993,
          "t_statistic": -4.681097184338673,
          "p_value": 0.0011504228464733481,
          "significant_0.05": true,
          "significant_0.01": true
        }
      },
      "far_ood": {
        "vs_full_inference_work": {
          "proposed_mean": 0.8029844,
          "baseline_mean": 0.0,
          "diff": 0.8029844,
          "t_statistic": 94.60743297270349,
          "p_value": 8.351373671939194e-15,
          "significant_0.05": true,
          "significant_0.01": true
        },
        "vs_uncalibrated_lazy_work": {
          "proposed_mean": 0.8029844,
          "baseline_mean": 0.36049000000000003,
          "diff": 0.4424944,
          "t_statistic": 60.23560921027398,
          "p_value": 4.828246993526013e-13,
          "significant_0.05": true,
          "significant_0.01": true
        },
        "vs_constant_threshold_work": {
          "proposed_mean": 0.8029844,
          "baseline_mean": 0.875362,
          "diff": -0.07237759999999993,
          "t_statistic": -8.15954958533173,
          "p_value": 1.889768236249065e-05,
          "significant_0.05": true,
          "significant_0.01": true
        }
      }
    },
    "covertype_gbm": {
      "id_test": {
        "vs_full_inference_work": {
          "proposed_mean": 0.7940502,
          "baseline_mean": 0.0,
          "diff": 0.7940502,
          "t_statistic": 230.28121831790932,
          "p_value": 2.7941046050059316e-18,
          "significant_0.05": true,
          "significant_0.01": true
        },
        "vs_uncalibrated_lazy_work": {
          "proposed_mean": 0.7940502,
          "baseline_mean": 0.022847799999999984,
          "diff": 0.7712024000000001,
          "t_statistic": 234.58443594731554,
          "p_value": 2.3653071049722285e-18,
          "significant_0.05": true,
          "significant_0.01": true
        },
        "vs_constant_threshold_work": {
          "proposed_mean": 0.7940502,
          "baseline_mean": 0.8018382,
          "diff": -0.007787999999999906,
          "t_statistic": -7.766292656229157,
          "p_value": 2.8028832848694598e-05,
          "significant_0.05": true,
          "significant_0.01": true
        }
      },
      "near_ood": {
        "vs_full_inference_work": {
          "proposed_mean": 0.5034915999999999,
          "baseline_mean": 0.0,
          "diff": 0.5034915999999999,
          "t_statistic": 8.7415601217805,
          "p_value": 1.082918367592486e-05,
          "significant_0.05": true,
          "significant_0.01": true
        },
        "vs_uncalibrated_lazy_work": {
          "proposed_mean": 0.5034915999999999,
          "baseline_mean": 0.03078780000000001,
          "diff": 0.4727037999999999,
          "t_statistic": 8.171090523574733,
          "p_value": 1.8684540632854212e-05,
          "significant_0.05": true,
          "significant_0.01": true
        },
        "vs_constant_threshold_work": {
          "proposed_mean": 0.5034915999999999,
          "baseline_mean": 0.8000907999999999,
          "diff": -0.29659919999999995,
          "t_statistic": -5.036023124932265,
          "p_value": 0.0007035795577268001,
          "significant_0.05": true,
          "significant_0.01": true
        }
      },
      "far_ood": {
        "vs_full_inference_work": {
          "proposed_mean": 0.807232,
          "baseline_mean": 0.0,
          "diff": 0.807232,
          "t_statistic": 95.55340375918142,
          "p_value": 7.636686278029561e-15,
          "significant_0.05": true,
          "significant_0.01": true
        },
        "vs_uncalibrated_lazy_work": {
          "proposed_mean": 0.807232,
          "baseline_mean": 0.10979679999999999,
          "diff": 0.6974351999999999,
          "t_statistic": 86.33784875931204,
          "p_value": 1.9007106737781508e-14,
          "significant_0.05": true,
          "significant_0.01": true
        },
        "vs_constant_threshold_work": {
          "proposed_mean": 0.807232,
          "baseline_mean": 0.8814347999999999,
          "diff": -0.0742027999999999,
          "t_statistic": -8.243012960113273,
          "p_value": 1.7414294228923323e-05,
          "significant_0.05": true,
          "significant_0.01": true
        }
      }
    },
    "higgs_rf": {
      "id_test": {
        "vs_full_inference_work": {
          "proposed_mean": 0.5857897999999999,
          "baseline_mean": 0.0,
          "diff": 0.5857897999999999,
          "t_statistic": 310.41321011538463,
          "p_value": 1.9021428873560334e-19,
          "significant_0.05": true,
          "significant_0.01": true
        },
        "vs_uncalibrated_lazy_work": {
          "proposed_mean": 0.5857897999999999,
          "baseline_mean": 0.04914,
          "diff": 0.5366498,
          "t_statistic": 213.6597392081609,
          "p_value": 5.482976077678813e-18,
          "significant_0.05": true,
          "significant_0.01": true
        },
        "vs_constant_threshold_work": {
          "proposed_mean": 0.5857897999999999,
          "baseline_mean": 0.7307862,
          "diff": -0.14499640000000014,
          "t_statistic": -127.30796697766432,
          "p_value": 5.783413825117758e-16,
          "significant_0.05": true,
          "significant_0.01": true
        }
      },
      "near_ood": {
        "vs_full_inference_work": {
          "proposed_mean": 0.3396262,
          "baseline_mean": 0.0,
          "diff": 0.3396262,
          "t_statistic": 130.70543936683737,
          "p_value": 4.563438037382086e-16,
          "significant_0.05": true,
          "significant_0.01": true
        },
        "vs_uncalibrated_lazy_work": {
          "proposed_mean": 0.3396262,
          "baseline_mean": 0.011355999999999932,
          "diff": 0.32827020000000007,
          "t_statistic": 124.91821858820354,
          "p_value": 6.8582669550262e-16,
          "significant_0.05": true,
          "significant_0.01": true
        },
        "vs_constant_threshold_work": {
          "proposed_mean": 0.3396262,
          "baseline_mean": 0.655717,
          "diff": -0.3160908,